position_id,seed_price,position_value_at_seed,loan_amount,close_price,position_value_at_close,hold_value,impermanent_loss,impermanent_loss_pct,health_factor,should_liquidate,repay_amount,collateral_to_take
id#0,4554.2915,6951.52,4518.49,4430.5325,6951.52,9380.02,-0.258901,-25.89,1.076923,No,0.00,0.00
id#1,4554.2915,7099.83,4614.89,4430.5325,7099.83,13088.40,-0.457548,-45.75,1.076923,No,0.00,0.00
id#2,4554.2915,8900.02,5785.01,4430.5325,8869.10,9279.31,-0.044207,-4.42,1.073182,No,0.00,0.00
id#3,4554.2915,4026.95,2617.52,4430.5325,4026.95,7959.42,-0.494065,-49.41,1.076923,No,0.00,0.00
id#4,4554.2915,9818.99,6382.34,4430.5325,9818.99,12287.95,-0.200926,-20.09,1.076923,No,0.00,0.00
id#5,4554.2915,5701.42,3705.92,4430.5325,5701.42,8752.29,-0.348580,-34.86,1.076923,No,0.00,0.00
id#6,4554.2915,6674.53,4338.44,4430.5325,6674.53,7582.56,-0.119753,-11.98,1.076923,No,0.00,0.00
id#7,4554.2915,5307.38,3449.79,4430.5325,5307.38,7937.88,-0.331386,-33.14,1.076923,No,0.00,0.00
id#8,4554.2915,7269.59,4725.23,4430.5325,7164.33,7323.22,-0.021697,-2.17,1.061329,No,0.00,0.00
id#9,4554.2915,3917.22,2546.20,4430.5325,3917.22,7229.15,-0.458135,-45.81,1.076923,No,0.00,0.00
id#10,4554.2915,6653.84,4325.00,4430.5325,6653.84,8302.50,-0.198574,-19.86,1.076923,No,0.00,0.00
id#11,4554.2915,5896.47,3832.70,4430.5325,5896.47,7623.47,-0.226538,-22.65,1.076923,No,0.00,0.00
id#12,4554.2915,8347.28,5425.73,4430.5325,8246.80,8278.10,-0.003780,-0.38,1.063960,No,0.00,0.00
id#13,4554.2915,7625.07,4956.30,4430.5325,7625.07,12116.79,-0.370702,-37.07,1.076923,No,0.00,0.00
id#14,4554.2915,6672.76,4337.29,4430.5325,6672.76,7890.16,-0.154293,-15.43,1.076923,No,0.00,0.00
id#15,4554.2915,4101.69,2666.10,4430.5325,4101.69,7243.45,-0.433738,-43.37,1.076923,No,0.00,0.00
id#16,4554.2915,5553.79,3609.96,4430.5325,5553.79,7281.17,-0.237239,-23.72,1.076923,No,0.00,0.00
id#17,4554.2915,8746.26,5685.07,4430.5325,8746.26,10652.47,-0.178945,-17.89,1.076923,No,0.00,0.00
id#18,4554.2915,5846.75,3800.38,4430.5325,5846.75,8332.64,-0.298332,-29.83,1.076923,No,0.00,0.00
id#19,4554.2915,6104.00,3967.60,4430.5325,6104.00,13321.94,-0.541808,-54.18,1.076923,No,0.00,0.00
id#20,4554.2915,8233.10,5351.52,4430.5325,8164.90,8201.40,-0.004450,-0.44,1.068002,No,0.00,0.00
id#21,4554.2915,4538.88,2950.27,4430.5325,4538.88,7375.66,-0.384614,-38.46,1.076923,No,0.00,0.00
id#22,4554.2915,7932.45,5156.09,4430.5325,7883.21,7992.88,-0.013721,-1.37,1.070239,No,0.00,0.00
id#23,4554.2915,3793.51,2465.78,4430.5325,3793.51,7274.55,-0.478523,-47.85,1.076923,No,0.00,0.00
id#24,4554.2915,5953.32,3869.66,4430.5325,5953.32,8548.98,-0.303622,-30.36,1.076923,No,0.00,0.00
id#25,4554.2915,8622.75,5604.79,4430.5325,8495.33,8742.25,-0.028245,-2.82,1.061009,No,0.00,0.00
id#26,4554.2915,6672.40,4337.06,4430.5325,6672.40,7388.43,-0.096912,-9.69,1.076923,No,0.00,0.00
id#27,4554.2915,10006.49,6504.22,4430.5325,9961.60,10286.45,-0.031580,-3.16,1.072092,No,0.00,0.00
id#28,4554.2915,7255.70,4716.20,4430.5325,7255.70,11426.17,-0.364993,-36.50,1.076923,No,0.00,0.00
id#29,4554.2915,4039.33,2625.56,4430.5325,4039.33,8455.53,-0.522286,-52.23,1.076923,No,0.00,0.00
id#30,4554.2915,9183.02,5968.96,4430.5325,9183.02,11482.91,-0.200288,-20.03,1.076923,No,0.00,0.00
id#31,4554.2915,7728.15,5023.30,4430.5325,7728.15,11732.81,-0.341322,-34.13,1.076923,No,0.00,0.00
id#32,4554.2915,5164.99,3357.24,4430.5325,5164.99,9741.16,-0.469777,-46.98,1.076923,No,0.00,0.00
id#33,4554.2915,4173.22,2712.59,4430.5325,4173.22,7114.75,-0.413440,-41.34,1.076923,No,0.00,0.00
id#34,4554.2915,8353.34,5429.67,4430.5325,8173.63,8390.86,-0.025889,-2.59,1.053755,No,0.00,0.00
id#35,4554.2915,5740.43,3731.28,4430.5325,5740.43,7432.59,-0.227668,-22.77,1.076923,No,0.00,0.00
id#36,4554.2915,6048.49,3931.52,4430.5325,6048.49,10157.96,-0.404556,-40.46,1.076923,No,0.00,0.00
id#37,4554.2915,6837.65,4444.47,4430.5325,6746.53,6801.09,-0.008023,-0.80,1.062571,No,0.00,0.00
id#38,4554.2915,6212.32,4038.01,4430.5325,6212.32,8367.19,-0.257538,-25.75,1.076923,No,0.00,0.00
id#39,4554.2915,7667.66,4983.98,4430.5325,7667.66,9949.82,-0.229367,-22.94,1.076923,No,0.00,0.00
id#40,4554.2915,7849.65,5102.27,4430.5325,7849.65,9979.16,-0.213396,-21.34,1.076923,No,0.00,0.00
id#41,4554.2915,3797.94,2468.66,4430.5325,3797.94,6039.22,-0.371120,-37.11,1.076923,No,0.00,0.00
id#42,4554.2915,9075.98,5899.39,4430.5325,8985.65,8992.60,-0.000773,-0.08,1.066205,No,0.00,0.00
id#43,4554.2915,4279.29,2781.54,4430.5325,4279.29,7163.88,-0.402658,-40.27,1.076923,No,0.00,0.00
id#44,4554.2915,7499.27,4874.52,4430.5325,7499.27,9449.96,-0.206424,-20.64,1.076923,No,0.00,0.00
id#45,4554.2915,7752.74,5039.28,4430.5325,7626.47,7796.57,-0.021818,-2.18,1.059384,No,0.00,0.00
id#46,4554.2915,5248.28,3411.38,4430.5325,5248.28,6690.31,-0.215541,-21.55,1.076923,No,0.00,0.00
id#47,4554.2915,8787.77,5712.05,4430.5325,8718.57,8759.51,-0.004674,-0.47,1.068442,No,0.00,0.00
id#48,4554.2915,5954.01,3870.11,4430.5325,5954.01,10006.04,-0.404958,-40.50,1.076923,No,0.00,0.00
id#49,4554.2915,7237.28,4704.23,4430.5325,7237.25,7415.84,-0.024082,-2.41,1.076918,No,0.00,0.00
id#50,4554.2915,9297.19,6043.17,4430.5325,9137.77,9261.67,-0.013377,-1.34,1.058457,No,0.00,0.00
id#51,4554.2915,7774.23,5053.25,4430.5325,7703.33,7707.30,-0.000516,-0.05,1.067101,No,0.00,0.00
id#52,4554.2915,6742.45,4382.59,4430.5325,6742.45,9327.50,-0.277143,-27.71,1.076923,No,0.00,0.00
id#53,4554.2915,8082.38,5253.55,4430.5325,8082.38,9269.72,-0.128088,-12.81,1.076923,No,0.00,0.00
id#54,4554.2915,9765.84,6347.80,4430.5325,9678.11,9701.26,-0.002386,-0.24,1.067248,No,0.00,0.00
id#55,4554.2915,5659.91,3678.94,4430.5325,5659.91,11671.89,-0.515082,-51.51,1.076923,No,0.00,0.00
id#56,4554.2915,6536.59,4248.78,4430.5325,6471.79,6473.56,-0.000273,-0.03,1.066247,No,0.00,0.00
id#57,4554.2915,7256.13,4716.49,4430.5325,7256.13,9031.31,-0.196558,-19.66,1.076923,No,0.00,0.00
id#58,4554.2915,8048.57,5231.57,4430.5325,8048.57,9319.03,-0.136329,-13.63,1.076923,No,0.00,0.00
id#59,4554.2915,6352.94,4129.41,4430.5325,6352.94,7372.39,-0.138279,-13.83,1.076923,No,0.00,0.00
id#60,4554.2915,5346.04,3474.92,4430.5325,5346.04,9126.33,-0.414218,-41.42,1.076923,No,0.00,0.00
id#61,4554.2915,7418.79,4822.22,4430.5325,7313.14,7471.81,-0.021236,-2.12,1.061587,No,0.00,0.00
id#62,4554.2915,7261.88,4720.22,4430.5325,7261.88,8539.72,-0.149634,-14.96,1.076923,No,0.00,0.00
id#63,4554.2915,4456.27,2896.57,4430.5325,4456.27,7581.99,-0.412256,-41.23,1.076923,No,0.00,0.00
id#64,4554.2915,7329.60,4764.24,4430.5325,7329.60,9503.70,-0.228763,-22.88,1.076923,No,0.00,0.00
id#65,4554.2915,3852.77,2504.30,4430.5325,3852.77,8403.91,-0.541550,-54.16,1.076923,No,0.00,0.00
id#66,4554.2915,4298.06,2793.74,4430.5325,4298.06,7354.17,-0.415562,-41.56,1.076923,No,0.00,0.00
id#67,4554.2915,6819.44,4432.64,4430.5325,6819.44,9423.03,-0.276300,-27.63,1.076923,No,0.00,0.00
id#68,4554.2915,10749.55,6987.21,4430.5325,10603.35,10623.30,-0.001879,-0.19,1.062276,No,0.00,0.00
id#69,4554.2915,6684.55,4344.96,4430.5325,6684.55,10768.31,-0.379238,-37.92,1.076923,No,0.00,0.00
id#70,4554.2915,7441.93,4837.25,4430.5325,7441.93,8727.08,-0.147260,-14.73,1.076923,No,0.00,0.00
id#71,4554.2915,5711.25,3712.31,4430.5325,5711.25,10588.41,-0.460613,-46.06,1.076923,No,0.00,0.00
id#72,4554.2915,5188.10,3372.26,4430.5325,5188.10,9389.12,-0.447436,-44.74,1.076923,No,0.00,0.00
id#73,4554.2915,7290.16,4738.60,4430.5325,7162.52,7399.50,-0.032026,-3.20,1.058068,No,0.00,0.00
id#74,4554.2915,5758.20,3742.83,4430.5325,5758.20,7544.57,-0.236777,-23.68,1.076923,No,0.00,0.00
id#75,4554.2915,4796.76,3117.89,4430.5325,4796.76,9815.24,-0.511295,-51.13,1.076923,No,0.00,0.00
id#76,4554.2915,6600.59,4290.38,4430.5325,6600.59,12551.51,-0.474120,-47.41,1.076923,No,0.00,0.00
id#77,4554.2915,6556.25,4261.56,4430.5325,6425.01,6781.07,-0.052508,-5.25,1.055366,No,0.00,0.00
id#78,4554.2915,7962.14,5175.39,4430.5325,7962.14,10358.22,-0.231322,-23.13,1.076923,No,0.00,0.00
id#79,4554.2915,9755.66,6341.18,4430.5325,9755.66,11289.01,-0.135827,-13.58,1.076923,No,0.00,0.00
id#80,4554.2915,4498.95,2924.32,4430.5325,4498.95,7483.52,-0.398819,-39.88,1.076923,No,0.00,0.00
id#81,4554.2915,9425.54,6126.60,4430.5325,9425.54,10583.54,-0.109415,-10.94,1.076923,No,0.00,0.00
id#82,4554.2915,7145.76,4644.74,4430.5325,7056.18,7082.22,-0.003676,-0.37,1.063424,No,0.00,0.00
id#83,4554.2915,4518.56,2937.07,4430.5325,4518.56,6915.09,-0.346565,-34.66,1.076923,No,0.00,0.00
id#84,4554.2915,9749.90,6337.43,4430.5325,9681.88,9781.84,-0.010219,-1.02,1.069410,No,0.00,0.00
id#85,4554.2915,4999.36,3249.58,4430.5325,4999.36,8369.47,-0.402667,-40.27,1.076923,No,0.00,0.00
id#86,4554.2915,6149.47,3997.15,4430.5325,6079.39,6101.30,-0.003591,-0.36,1.064651,No,0.00,0.00
id#87,4554.2915,9218.86,5992.26,4430.5325,9150.36,9224.92,-0.008083,-0.81,1.068921,No,0.00,0.00
id#88,4554.2915,5599.15,3639.45,4430.5325,5599.15,6971.71,-0.196876,-19.69,1.076923,No,0.00,0.00
id#89,4554.2915,8098.88,5264.27,4430.5325,8098.88,9996.47,-0.189826,-18.98,1.076923,No,0.00,0.00
id#90,4554.2915,6867.84,4464.10,4430.5325,6803.49,6813.50,-0.001469,-0.15,1.066833,No,0.00,0.00
id#91,4554.2915,10854.45,7055.39,4430.5325,10825.42,11066.79,-0.021810,-2.18,1.074043,No,0.00,0.00
id#92,4554.2915,11678.80,7591.22,4430.5325,11458.68,11601.14,-0.012280,-1.23,1.056626,No,0.00,0.00
id#93,4554.2915,5159.89,3353.93,4430.5325,5159.89,10036.14,-0.485869,-48.59,1.076923,No,0.00,0.00
id#94,4554.2915,9972.73,6482.27,4430.5325,9823.38,9856.53,-0.003363,-0.34,1.060796,No,0.00,0.00
id#95,4554.2915,5536.29,3598.59,4430.5325,5536.29,8933.55,-0.380282,-38.03,1.076923,No,0.00,0.00
id#96,4554.2915,5555.76,3611.24,4430.5325,5555.76,7075.40,-0.214778,-21.48,1.076923,No,0.00,0.00
id#97,4554.2915,6070.63,3945.91,4430.5325,6070.63,12958.15,-0.531520,-53.15,1.076923,No,0.00,0.00
id#98,4554.2915,6431.91,4180.74,4430.5325,6431.91,12169.67,-0.471480,-47.15,1.076923,No,0.00,0.00
id#99,4554.2915,9164.71,5957.06,4430.5325,9164.71,9506.62,-0.035965,-3.60,1.076923,No,0.00,0.00
id#100,4554.2915,4173.54,2712.80,4430.5325,4173.54,7855.05,-0.468682,-46.87,1.076923,No,0.00,0.00
id#101,4554.2915,6582.80,4278.82,4430.5325,6582.80,7552.37,-0.128380,-12.84,1.076923,No,0.00,0.00
id#102,4554.2915,9311.52,6052.49,4430.5325,9265.90,9469.13,-0.021463,-2.15,1.071647,No,0.00,0.00
id#103,4554.2915,5212.09,3387.86,4430.5325,5212.09,8529.60,-0.388941,-38.89,1.076923,No,0.00,0.00
id#104,4554.2915,7090.40,4608.76,4430.5325,7090.40,8382.33,-0.154125,-15.41,1.076923,No,0.00,0.00
id#105,4554.2915,7197.46,4678.35,4430.5325,7197.46,8260.76,-0.128717,-12.87,1.076923,No,0.00,0.00
id#106,4554.2915,5540.80,3601.52,4430.5325,5540.80,10370.02,-0.465691,-46.57,1.076923,No,0.00,0.00
id#107,4554.2915,7756.89,5041.98,4430.5325,7754.36,8178.01,-0.051804,-5.18,1.076571,No,0.00,0.00
id#108,4554.2915,6054.37,3935.34,4430.5325,6054.37,7342.74,-0.175462,-17.55,1.076923,No,0.00,0.00
id#109,4554.2915,7859.08,5108.40,4430.5325,7859.08,8599.95,-0.086147,-8.61,1.076923,No,0.00,0.00
id#110,4554.2915,7947.59,5165.93,4430.5325,7870.47,7870.51,-0.000006,-0.00,1.066472,No,0.00,0.00
id#111,4554.2915,3818.69,2482.15,4430.5325,3818.69,7803.72,-0.510658,-51.07,1.076923,No,0.00,0.00
id#112,4554.2915,6879.15,4471.44,4430.5325,6879.15,8624.19,-0.202343,-20.23,1.076923,No,0.00,0.00
id#113,4554.2915,5157.60,3352.44,4430.5325,5157.60,7348.69,-0.298161,-29.82,1.076923,No,0.00,0.00
id#114,4554.2915,7349.30,4777.04,4430.5325,7195.16,7550.38,-0.047048,-4.70,1.054336,No,0.00,0.00
id#115,4554.2915,8353.54,5429.80,4430.5325,8126.54,8576.83,-0.052501,-5.25,1.047659,No,0.00,0.00
id#116,4554.2915,5612.27,3647.98,4430.5325,5612.27,8845.22,-0.365503,-36.55,1.076923,No,0.00,0.00
id#117,4554.2915,3991.59,2594.54,4430.5325,3991.59,8525.11,-0.531784,-53.18,1.076923,No,0.00,0.00
id#118,4554.2915,4746.54,3085.25,4430.5325,4746.54,8960.12,-0.470260,-47.03,1.076923,No,0.00,0.00
id#119,4554.2915,6202.37,4031.54,4430.5325,6202.37,7910.98,-0.215979,-21.60,1.076923,No,0.00,0.00
id#120,4554.2915,6608.15,4295.30,4430.5325,6428.58,7197.77,-0.106865,-10.69,1.047659,No,0.00,0.00
id#121,4554.2915,6026.72,3917.37,4430.5325,6026.72,9115.32,-0.338836,-33.88,1.076923,No,0.00,0.00
id#122,4554.2915,4536.66,2948.83,4430.5325,4536.66,9782.88,-0.536265,-53.63,1.076923,No,0.00,0.00
id#123,4554.2915,6548.25,4256.36,4430.5325,6548.25,9565.20,-0.315409,-31.54,1.076923,No,0.00,0.00
id#124,4554.2915,9684.27,6294.77,4430.5325,9607.31,9662.75,-0.005738,-0.57,1.068365,No,0.00,0.00
id#125,4554.2915,5434.77,3532.60,4430.5325,5434.77,7994.21,-0.320162,-32.02,1.076923,No,0.00,0.00
id#126,4554.2915,8377.10,5445.11,4430.5325,8284.74,8302.83,-0.002179,-0.22,1.065050,No,0.00,0.00
id#127,4554.2915,6652.57,4324.17,4430.5325,6652.57,7096.17,-0.062512,-6.25,1.076923,No,0.00,0.00
id#128,4554.2915,9735.62,6328.15,4430.5325,9603.44,9700.44,-0.009999,-1.00,1.062302,No,0.00,0.00
id#129,4554.2915,9267.74,6024.03,4430.5325,9153.04,9180.27,-0.002966,-0.30,1.063595,No,0.00,0.00
id#130,4554.2915,7099.53,4614.70,4430.5325,6963.10,7075.47,-0.015882,-1.59,1.056227,No,0.00,0.00
id#131,4554.2915,7501.99,4876.29,4430.5325,7435.78,7445.18,-0.001263,-0.13,1.067418,No,0.00,0.00
id#132,4554.2915,7638.20,4964.83,4430.5325,7638.20,10545.63,-0.275700,-27.57,1.076923,No,0.00,0.00
id#133,4554.2915,4117.14,2676.14,4430.5325,4117.14,8539.74,-0.517885,-51.79,1.076923,No,0.00,0.00
id#134,4554.2915,8909.20,5790.98,4430.5325,8821.60,8830.18,-0.000973,-0.10,1.066333,No,0.00,0.00
id#135,4554.2915,6530.27,4244.67,4430.5325,6530.27,11018.53,-0.407338,-40.73,1.076923,No,0.00,0.00
id#136,4554.2915,10049.94,6532.46,4430.5325,9987.49,10149.13,-0.015927,-1.59,1.070231,No,0.00,0.00
id#137,4554.2915,6022.95,3914.92,4430.5325,6022.95,10613.52,-0.432521,-43.25,1.076923,No,0.00,0.00
id#138,4554.2915,6979.94,4536.96,4430.5325,6976.39,7513.41,-0.071475,-7.15,1.076375,No,0.00,0.00
id#139,4554.2915,6742.16,4382.40,4430.5325,6742.16,10902.03,-0.381569,-38.16,1.076923,No,0.00,0.00
id#140,4554.2915,5268.86,3424.76,4430.5325,5268.86,8635.09,-0.389831,-38.98,1.076923,No,0.00,0.00
id#141,4554.2915,7835.06,5092.79,4430.5325,7622.15,8187.49,-0.069049,-6.90,1.047659,No,0.00,0.00
id#142,4554.2915,7245.55,4709.61,4430.5325,7146.71,7166.12,-0.002709,-0.27,1.062233,No,0.00,0.00
id#143,4554.2915,5559.16,3613.45,4430.5325,5559.16,12708.88,-0.562577,-56.26,1.076923,No,0.00,0.00
id#144,4554.2915,5533.38,3596.70,4430.5325,5533.38,7151.16,-0.226226,-22.62,1.076923,No,0.00,0.00
id#145,4554.2915,7341.90,4772.23,4430.5325,7180.56,7460.13,-0.037476,-3.75,1.053257,No,0.00,0.00
id#146,4554.2915,6076.64,3949.81,4430.5325,6076.64,7411.91,-0.180152,-18.02,1.076923,No,0.00,0.00
id#147,4554.2915,10899.43,7084.63,4430.5325,10666.56,11140.85,-0.042572,-4.26,1.053914,No,0.00,0.00
id#148,4554.2915,4763.32,3096.16,4430.5325,4763.32,9182.57,-0.481265,-48.13,1.076923,No,0.00,0.00
id#149,4554.2915,4539.07,2950.39,4430.5325,4539.07,7945.81,-0.428747,-42.87,1.076923,No,0.00,0.00
id#150,4554.2915,7724.53,5020.94,4430.5325,7677.27,7788.80,-0.014319,-1.43,1.070334,No,0.00,0.00
id#151,4554.2915,4513.72,2933.92,4430.5325,4513.72,8394.94,-0.462328,-46.23,1.076923,No,0.00,0.00
id#152,4554.2915,7265.80,4722.77,4430.5325,7247.41,7475.42,-0.030502,-3.05,1.074196,No,0.00,0.00
id#153,4554.2915,4630.17,3009.61,4430.5325,4630.17,8516.08,-0.456303,-45.63,1.076923,No,0.00,0.00
id#154,4554.2915,5572.92,3622.40,4430.5325,5572.92,9458.99,-0.410833,-41.08,1.076923,No,0.00,0.00
id#155,4554.2915,6656.05,4326.43,4430.5325,6656.05,7938.69,-0.161569,-16.16,1.076923,No,0.00,0.00
id#156,4554.2915,7247.93,4711.15,4430.5325,7145.19,7247.25,-0.014082,-1.41,1.061658,No,0.00,0.00
id#157,4554.2915,7548.34,4906.42,4430.5325,7548.34,9582.61,-0.212287,-21.23,1.076923,No,0.00,0.00
id#158,4554.2915,8158.44,5302.99,4430.5325,8158.44,11391.30,-0.283800,-28.38,1.076923,No,0.00,0.00
id#159,4554.2915,6284.99,4085.24,4430.5325,6284.99,11114.94,-0.434546,-43.45,1.076923,No,0.00,0.00
id#160,4554.2915,4440.60,2886.39,4430.5325,4440.60,7382.41,-0.398489,-39.85,1.076923,No,0.00,0.00
id#161,4554.2915,7448.82,4841.73,4430.5325,7418.67,7705.51,-0.037225,-3.72,1.072564,No,0.00,0.00
id#162,4554.2915,7598.79,4939.21,4430.5325,7598.79,9504.40,-0.200498,-20.05,1.076923,No,0.00,0.00
id#163,4554.2915,10173.16,6612.56,4430.5325,9997.48,10244.06,-0.024070,-2.41,1.058326,No,0.00,0.00
id#164,4554.2915,6800.54,4420.35,4430.5325,6800.54,8384.32,-0.188898,-18.89,1.076923,No,0.00,0.00
id#165,4554.2915,8434.22,5482.24,4430.5325,8355.78,8367.74,-0.001429,-0.14,1.066907,No,0.00,0.00
id#166,4554.2915,5967.43,3878.83,4430.5325,5967.43,7784.59,-0.233431,-23.34,1.076923,No,0.00,0.00
id#167,4554.2915,5807.05,3774.58,4430.5325,5807.05,6741.08,-0.138558,-13.86,1.076923,No,0.00,0.00
id#168,4554.2915,5553.47,3609.76,4430.5325,5553.47,8553.82,-0.350761,-35.08,1.076923,No,0.00,0.00
id#169,4554.2915,6461.06,4199.69,4430.5325,6461.06,12418.45,-0.479721,-47.97,1.076923,No,0.00,0.00
id#170,4554.2915,4975.13,3233.83,4430.5325,4975.13,8535.16,-0.417102,-41.71,1.076923,No,0.00,0.00
id#171,4554.2915,9103.15,5917.05,4430.5325,9059.38,9296.90,-0.025547,-2.55,1.071745,No,0.00,0.00
id#172,4554.2915,7877.77,5120.55,4430.5325,7877.77,9504.55,-0.171158,-17.12,1.076923,No,0.00,0.00
id#173,4554.2915,5047.97,3281.18,4430.5325,5047.97,9353.80,-0.460330,-46.03,1.076923,No,0.00,0.00
id#174,4554.2915,7814.74,5079.58,4430.5325,7814.74,8718.65,-0.103676,-10.37,1.076923,No,0.00,0.00
id#175,4554.2915,9328.41,6063.47,4430.5325,9319.87,9652.32,-0.034442,-3.44,1.075937,No,0.00,0.00
id#176,4554.2915,7981.19,5187.78,4430.5325,7913.25,7938.24,-0.003148,-0.31,1.067755,No,0.00,0.00
id#177,4554.2915,4556.19,2961.52,4430.5325,4556.19,9920.24,-0.540718,-54.07,1.076923,No,0.00,0.00
id#178,4554.2915,6854.74,4455.58,4430.5325,6844.13,7234.84,-0.054004,-5.40,1.075256,No,0.00,0.00
id#179,4554.2915,4433.72,2881.91,4430.5325,4433.72,8872.13,-0.500265,-50.03,1.076923,No,0.00,0.00
id#180,4554.2915,8683.31,5644.15,4430.5325,8624.98,8726.80,-0.011667,-1.17,1.069689,No,0.00,0.00
id#181,4554.2915,7156.28,4651.58,4430.5325,7156.28,8743.38,-0.181520,-18.15,1.076923,No,0.00,0.00
id#182,4554.2915,8960.42,5824.27,4430.5325,8867.60,8871.06,-0.000390,-0.04,1.065768,No,0.00,0.00
id#183,4554.2915,7720.21,5018.14,4430.5325,7682.16,7900.29,-0.027611,-2.76,1.071615,No,0.00,0.00
id#184,4554.2915,5590.61,3633.89,4430.5325,5590.61,7678.11,-0.271877,-27.19,1.076923,No,0.00,0.00
id#185,4554.2915,9946.00,6464.90,4430.5325,9912.64,10124.02,-0.020878,-2.09,1.073311,No,0.00,0.00
id#186,4554.2915,6985.05,4540.28,4430.5325,6985.05,10059.60,-0.305633,-30.56,1.076923,No,0.00,0.00
id#187,4554.2915,6283.94,4084.56,4430.5325,6283.94,7861.39,-0.200658,-20.07,1.076923,No,0.00,0.00
id#188,4554.2915,4551.85,2958.70,4430.5325,4551.85,7927.91,-0.425845,-42.58,1.076923,No,0.00,0.00
id#189,4554.2915,4569.69,2970.30,4430.5325,4569.69,9015.14,-0.493109,-49.31,1.076923,No,0.00,0.00
id#190,4554.2915,6832.62,4441.20,4430.5325,6832.62,8088.75,-0.155294,-15.53,1.076923,No,0.00,0.00
id#191,4554.2915,7982.54,5188.65,4430.5325,7859.74,7988.07,-0.016066,-1.61,1.060355,No,0.00,0.00
id#192,4554.2915,9803.63,6372.36,4430.5325,9799.66,10475.89,-0.064551,-6.46,1.076487,No,0.00,0.00
id#193,4554.2915,3378.15,2195.79,4430.5325,3378.15,6821.84,-0.504805,-50.48,1.076923,No,0.00,0.00
id#194,4554.2915,7484.19,4864.72,4430.5325,7484.19,9884.75,-0.242855,-24.29,1.076923,No,0.00,0.00
id#195,4554.2915,5575.06,3623.79,4430.5325,5575.06,11987.90,-0.534943,-53.49,1.076923,No,0.00,0.00
id#196,4554.2915,7453.02,4844.46,4430.5325,7453.02,11408.60,-0.346720,-34.67,1.076923,No,0.00,0.00
id#197,4554.2915,5654.90,3675.69,4430.5325,5654.90,7399.55,-0.235777,-23.58,1.076923,No,0.00,0.00
id#198,4554.2915,8047.86,5231.11,4430.5325,8047.86,11725.72,-0.313658,-31.37,1.076923,No,0.00,0.00
id#199,4554.2915,7314.72,4754.57,4430.5325,7314.16,7906.41,-0.074908,-7.49,1.076840,No,0.00,0.00
id#200,4554.2915,3861.26,2509.82,4430.5325,3861.26,8290.35,-0.534247,-53.42,1.076923,No,0.00,0.00
id#201,4554.2915,6184.39,4019.85,4430.5325,6180.50,6644.28,-0.069801,-6.98,1.076246,No,0.00,0.00
id#202,4554.2915,10030.42,6519.77,4430.5325,9961.80,10063.11,-0.010068,-1.01,1.069555,No,0.00,0.00
id#203,4554.2915,7665.97,4982.88,4430.5325,7555.44,7597.13,-0.005488,-0.55,1.061396,No,0.00,0.00
id#204,4554.2915,6564.58,4266.98,4430.5325,6564.58,10366.58,-0.366756,-36.68,1.076923,No,0.00,0.00
id#205,4554.2915,9366.92,6088.50,4430.5325,9254.43,9297.58,-0.004642,-0.46,1.063990,No,0.00,0.00
id#206,4554.2915,8884.65,5775.03,4430.5325,8791.19,8791.34,-0.000017,-0.00,1.065594,No,0.00,0.00
id#207,4554.2915,4006.78,2604.41,4430.5325,4006.78,7094.16,-0.435200,-43.52,1.076923,No,0.00,0.00
id#208,4554.2915,9214.45,5989.39,4430.5325,8977.62,9407.71,-0.045717,-4.57,1.049244,No,0.00,0.00
id#209,4554.2915,6998.51,4549.03,4430.5325,6998.51,10443.94,-0.329898,-32.99,1.076923,No,0.00,0.00
id#210,4554.2915,9969.61,6480.25,4430.5325,9941.47,10311.17,-0.035854,-3.59,1.073883,No,0.00,0.00
id#211,4554.2915,6926.79,4502.41,4430.5325,6926.79,7646.11,-0.094076,-9.41,1.076923,No,0.00,0.00
id#212,4554.2915,6426.16,4177.00,4430.5325,6329.84,6530.08,-0.030664,-3.07,1.060782,No,0.00,0.00
id#213,4554.2915,7076.91,4599.99,4430.5325,6996.97,7015.35,-0.002619,-0.26,1.064758,No,0.00,0.00
id#214,4554.2915,4779.86,3106.91,4430.5325,4779.86,9471.96,-0.495367,-49.54,1.076923,No,0.00,0.00
id#215,4554.2915,3936.73,2558.87,4430.5325,3936.73,7287.59,-0.459804,-45.98,1.076923,No,0.00,0.00
id#216,4554.2915,9013.63,5858.86,4430.5325,9013.52,9580.05,-0.059137,-5.91,1.076910,No,0.00,0.00
id#217,4554.2915,5593.50,3635.78,4430.5325,5593.50,11257.36,-0.503125,-50.31,1.076923,No,0.00,0.00
id#218,4554.2915,5583.34,3629.17,4430.5325,5583.34,8140.44,-0.314123,-31.41,1.076923,No,0.00,0.00
id#219,4554.2915,7537.27,4899.22,4430.5325,7384.81,7592.15,-0.027310,-2.73,1.055139,No,0.00,0.00
id#220,4554.2915,6748.23,4386.35,4430.5325,6748.23,9420.15,-0.283639,-28.36,1.076923,No,0.00,0.00
id#221,4554.2915,8214.09,5339.16,4430.5325,8200.79,8648.09,-0.051722,-5.17,1.075180,No,0.00,0.00
id#222,4554.2915,9174.55,5963.46,4430.5325,8925.24,9783.03,-0.087682,-8.77,1.047659,No,0.00,0.00
id#223,4554.2915,9384.13,6099.68,4430.5325,9384.13,12204.90,-0.231118,-23.11,1.076923,No,0.00,0.00
id#224,4554.2915,6567.81,4269.07,4430.5325,6458.57,6674.90,-0.032410,-3.24,1.059011,No,0.00,0.00
id#225,4554.2915,10706.19,6959.02,4430.5325,10598.79,10606.21,-0.000700,-0.07,1.066120,No,0.00,0.00
id#226,4554.2915,9456.32,6146.61,4430.5325,9456.32,10717.62,-0.117684,-11.77,1.076923,No,0.00,0.00
id#227,4554.2915,4939.09,3210.41,4430.5325,4939.09,10739.06,-0.540082,-54.01,1.076923,No,0.00,0.00
id#228,4554.2915,6167.83,4009.09,4430.5325,6167.83,13529.72,-0.544127,-54.41,1.076923,No,0.00,0.00
id#229,4554.2915,9054.88,5885.67,4430.5325,9054.88,10587.71,-0.144774,-14.48,1.076923,No,0.00,0.00
id#230,4554.2915,8686.73,5646.38,4430.5325,8559.28,8681.50,-0.014078,-1.41,1.061123,No,0.00,0.00
id#231,4554.2915,10364.99,6737.24,4430.5325,10194.62,10407.89,-0.020491,-2.05,1.059222,No,0.00,0.00
id#232,4554.2915,7834.05,5092.13,4430.5325,7801.58,8087.76,-0.035384,-3.54,1.072459,No,0.00,0.00
id#233,4554.2915,7661.17,4979.76,4430.5325,7481.09,7905.40,-0.053674,-5.37,1.051609,No,0.00,0.00
id#234,4554.2915,6889.37,4478.09,4430.5325,6889.37,8889.20,-0.224973,-22.50,1.076923,No,0.00,0.00
id#235,4554.2915,10826.48,7037.21,4430.5325,10718.87,10724.36,-0.000512,-0.05,1.066218,No,0.00,0.00
id#236,4554.2915,5781.59,3758.03,4430.5325,5781.59,9557.42,-0.395069,-39.51,1.076923,No,0.00,0.00
id#237,4554.2915,5621.99,3654.29,4430.5325,5621.99,6286.29,-0.105675,-10.57,1.076923,No,0.00,0.00
id#238,4554.2915,7573.25,4922.61,4430.5325,7559.00,7978.18,-0.052540,-5.25,1.074897,No,0.00,0.00
id#239,4554.2915,6967.61,4528.95,4430.5325,6967.61,8735.08,-0.202342,-20.23,1.076923,No,0.00,0.00
id#240,4554.2915,5658.26,3677.87,4430.5325,5658.26,8466.99,-0.331726,-33.17,1.076923,No,0.00,0.00
id#241,4554.2915,6357.94,4132.66,4430.5325,6357.94,10199.93,-0.376668,-37.67,1.076923,No,0.00,0.00
id#242,4554.2915,6762.64,4395.72,4430.5325,6706.16,6735.05,-0.004288,-0.43,1.067930,No,0.00,0.00
id#243,4554.2915,5819.55,3782.70,4430.5325,5819.55,8902.57,-0.346307,-34.63,1.076923,No,0.00,0.00
id#244,4554.2915,7540.50,4901.33,4430.5325,7540.50,10569.56,-0.286583,-28.66,1.076923,No,0.00,0.00
id#245,4554.2915,9541.85,6202.20,4430.5325,9457.87,9480.45,-0.002382,-0.24,1.067445,No,0.00,0.00
id#246,4554.2915,9432.74,6131.28,4430.5325,9432.74,12044.22,-0.216824,-21.68,1.076923,No,0.00,0.00
id#247,4554.2915,6292.03,4089.82,4430.5325,6286.01,6808.05,-0.076681,-7.67,1.075892,No,0.00,0.00
id#248,4554.2915,4004.50,2602.92,4430.5325,4004.50,7698.56,-0.479838,-47.98,1.076923,No,0.00,0.00
id#249,4554.2915,9819.40,6382.61,4430.5325,9728.98,9733.43,-0.000457,-0.05,1.067007,No,0.00,0.00
id#250,4554.2915,6589.81,4283.37,4430.5325,6589.81,10917.12,-0.396379,-39.64,1.076923,No,0.00,0.00
id#251,4554.2915,6761.69,4395.10,4430.5325,6761.69,8317.01,-0.187005,-18.70,1.076923,No,0.00,0.00
id#252,4554.2915,9966.51,6478.23,4430.5325,9946.55,10473.01,-0.050268,-5.03,1.074767,No,0.00,0.00
id#253,4554.2915,8278.83,5381.24,4430.5325,8278.83,13008.61,-0.363588,-36.36,1.076923,No,0.00,0.00
id#254,4554.2915,5968.42,3879.47,4430.5325,5968.42,10314.59,-0.421362,-42.14,1.076923,No,0.00,0.00
id#255,4554.2915,4425.94,2876.86,4430.5325,4425.94,8379.33,-0.471803,-47.18,1.076923,No,0.00,0.00
id#256,4554.2915,7176.22,4664.55,4430.5325,7176.22,9237.30,-0.223125,-22.31,1.076923,No,0.00,0.00
id#257,4554.2915,8377.07,5445.10,4430.5325,8377.07,10134.77,-0.173432,-17.34,1.076923,No,0.00,0.00
id#258,4554.2915,8479.71,5511.81,4430.5325,8479.71,12337.81,-0.312705,-31.27,1.076923,No,0.00,0.00
id#259,4554.2915,6842.20,4447.43,4430.5325,6762.43,6770.30,-0.001162,-0.12,1.064367,No,0.00,0.00
id#260,4554.2915,8574.09,5573.16,4430.5325,8462.03,8525.55,-0.007451,-0.75,1.062847,No,0.00,0.00
id#261,4554.2915,3747.14,2435.64,4430.5325,3747.14,6950.66,-0.460894,-46.09,1.076923,No,0.00,0.00
id#262,4554.2915,7975.38,5183.99,4430.5325,7975.38,12136.56,-0.342864,-34.29,1.076923,No,0.00,0.00
id#263,4554.2915,6949.58,4517.23,4430.5325,6949.58,8498.11,-0.182220,-18.22,1.076923,No,0.00,0.00
id#264,4554.2915,5328.56,3463.56,4430.5325,5328.56,7898.71,-0.325389,-32.54,1.076923,No,0.00,0.00
id#265,4554.2915,9656.59,6276.78,4430.5325,9656.59,10847.42,-0.109780,-10.98,1.076923,No,0.00,0.00
id#266,4554.2915,4609.41,2996.11,4430.5325,4609.41,7682.85,-0.400040,-40.00,1.076923,No,0.00,0.00
id#267,4554.2915,4046.21,2630.04,4430.5325,4046.21,6701.94,-0.396262,-39.63,1.076923,No,0.00,0.00
id#268,4554.2915,8176.14,5314.49,4430.5325,8176.14,10869.22,-0.247771,-24.78,1.076923,No,0.00,0.00
id#269,4554.2915,7548.21,4906.34,4430.5325,7548.21,10343.16,-0.270222,-27.02,1.076923,No,0.00,0.00
id#270,4554.2915,7435.45,4833.04,4430.5325,7435.45,10434.18,-0.287395,-28.74,1.076923,No,0.00,0.00
id#271,4554.2915,9065.80,5892.77,4430.5325,9051.52,9396.37,-0.036701,-3.67,1.075227,No,0.00,0.00
id#272,4554.2915,6788.82,4412.73,4430.5325,6788.82,10556.19,-0.356888,-35.69,1.076923,No,0.00,0.00
id#273,4554.2915,8631.95,5610.76,4430.5325,8624.40,8919.07,-0.033038,-3.30,1.075982,No,0.00,0.00
id#274,4554.2915,5538.53,3600.04,4430.5325,5538.53,7915.26,-0.300272,-30.03,1.076923,No,0.00,0.00
id#275,4554.2915,9866.84,6413.45,4430.5325,9770.86,9779.51,-0.000885,-0.09,1.066447,No,0.00,0.00
id#276,4554.2915,9144.65,5944.02,4430.5325,9081.87,9183.92,-0.011111,-1.11,1.069531,No,0.00,0.00
id#277,4554.2915,5923.56,3850.31,4430.5325,5923.56,10431.34,-0.432138,-43.21,1.076923,No,0.00,0.00
id#278,4554.2915,7316.97,4756.03,4430.5325,7316.97,8255.22,-0.113656,-11.37,1.076923,No,0.00,0.00
id#279,4554.2915,11499.08,7474.40,4430.5325,11441.59,11577.09,-0.011704,-1.17,1.071539,No,0.00,0.00
id#280,4554.2915,6854.15,4455.19,4430.5325,6818.29,6989.06,-0.024435,-2.44,1.071289,No,0.00,0.00
id#281,4554.2915,7322.01,4759.30,4430.5325,7322.01,9838.17,-0.255756,-25.58,1.076923,No,0.00,0.00
id#282,4554.2915,6596.82,4287.93,4430.5325,6596.82,8799.72,-0.250337,-25.03,1.076923,No,0.00,0.00
id#283,4554.2915,7266.84,4723.45,4430.5325,7168.15,7217.95,-0.006899,-0.69,1.062297,No,0.00,0.00
id#284,4554.2915,8364.32,5436.81,4430.5325,8317.94,8501.35,-0.021575,-2.16,1.070951,No,0.00,0.00
id#285,4554.2915,8946.96,5815.52,4430.5325,8946.96,10572.09,-0.153719,-15.37,1.076923,No,0.00,0.00
id#286,4554.2915,7417.39,4821.30,4430.5325,7390.31,7631.11,-0.031555,-3.16,1.072991,No,0.00,0.00
id#287,4554.2915,9040.24,5876.16,4430.5325,9040.24,9814.33,-0.078873,-7.89,1.076923,No,0.00,0.00
id#288,4554.2915,9287.55,6036.91,4430.5325,9277.47,9932.36,-0.065934,-6.59,1.075755,No,0.00,0.00
id#289,4554.2915,6337.25,4119.21,4430.5325,6337.25,9766.49,-0.351123,-35.11,1.076923,No,0.00,0.00
id#290,4554.2915,9940.13,6461.08,4430.5325,9838.44,9840.65,-0.000225,-0.02,1.065906,No,0.00,0.00
id#291,4554.2915,8977.51,5835.38,4430.5325,8974.59,9789.56,-0.083249,-8.32,1.076573,No,0.00,0.00
id#292,4554.2915,9964.46,6476.90,4430.5325,9902.80,10063.47,-0.015966,-1.60,1.070259,No,0.00,0.00
id#293,4554.2915,8519.28,5537.53,4430.5325,8388.21,8466.21,-0.009214,-0.92,1.060354,No,0.00,0.00
id#294,4554.2915,6586.68,4281.34,4430.5325,6488.34,6599.77,-0.016883,-1.69,1.060845,No,0.00,0.00
id#295,4554.2915,4221.39,2743.90,4430.5325,4221.39,7776.01,-0.457127,-45.71,1.076923,No,0.00,0.00
id#296,4554.2915,5535.31,3597.95,4430.5325,5535.31,12033.02,-0.539990,-54.00,1.076923,No,0.00,0.00
id#297,4554.2915,8209.24,5336.01,4430.5325,8171.42,8421.55,-0.029701,-2.97,1.071961,No,0.00,0.00
id#298,4554.2915,4811.09,3127.21,4430.5325,4811.09,9284.69,-0.481825,-48.18,1.076923,No,0.00,0.00
id#299,4554.2915,11422.81,7424.83,4430.5325,11215.43,11378.57,-0.014338,-1.43,1.057372,No,0.00,0.00
id#300,4554.2915,8022.23,5214.45,4430.5325,8022.23,9627.20,-0.166712,-16.67,1.076923,No,0.00,0.00
id#301,4554.2915,5752.45,3739.09,4430.5325,5752.45,10958.06,-0.475049,-47.50,1.076923,No,0.00,0.00
id#302,4554.2915,8486.30,5516.09,4430.5325,8367.43,8441.43,-0.008766,-0.88,1.061839,No,0.00,0.00
id#303,4554.2915,8879.84,5771.90,4430.5325,8879.84,10339.34,-0.141160,-14.12,1.076923,No,0.00,0.00
id#304,4554.2915,9731.05,6325.18,4430.5325,9729.24,9962.34,-0.023398,-2.34,1.076723,No,0.00,0.00
id#305,4554.2915,4741.34,3081.87,4430.5325,4741.34,8664.21,-0.452767,-45.28,1.076923,No,0.00,0.00
id#306,4554.2915,5666.36,3683.13,4430.5325,5666.36,9479.40,-0.402245,-40.22,1.076923,No,0.00,0.00
id#307,4554.2915,7058.64,4588.12,4430.5325,7058.64,7599.82,-0.071209,-7.12,1.076923,No,0.00,0.00
id#308,4554.2915,4800.92,3120.60,4430.5325,4800.92,7292.22,-0.341638,-34.16,1.076923,No,0.00,0.00
id#309,4554.2915,6093.02,3960.47,4430.5325,6093.02,9947.19,-0.387463,-38.75,1.076923,No,0.00,0.00
id#310,4554.2915,7033.49,4571.77,4430.5325,7020.54,7514.00,-0.065672,-6.57,1.074940,No,0.00,0.00
id#311,4554.2915,6660.17,4329.11,4430.5325,6660.17,12500.22,-0.467196,-46.72,1.076923,No,0.00,0.00
id#312,4554.2915,6482.28,4213.48,4430.5325,6482.28,8549.95,-0.241834,-24.18,1.076923,No,0.00,0.00
id#313,4554.2915,6223.88,4045.52,4430.5325,6178.94,6234.62,-0.008930,-0.89,1.069147,No,0.00,0.00
id#314,4554.2915,4440.45,2886.29,4430.5325,4440.45,7366.05,-0.397174,-39.72,1.076923,No,0.00,0.00
id#315,4554.2915,8143.38,5293.20,4430.5325,8143.38,9865.07,-0.174524,-17.45,1.076923,No,0.00,0.00
id#316,4554.2915,6238.53,4055.04,4430.5325,6238.53,7697.31,-0.189518,-18.95,1.076923,No,0.00,0.00
id#317,4554.2915,4855.55,3156.11,4430.5325,4855.55,9445.05,-0.485916,-48.59,1.076923,No,0.00,0.00
id#318,4554.2915,7920.59,5148.38,4430.5325,7796.52,8008.98,-0.026528,-2.65,1.060053,No,0.00,0.00
id#319,4554.2915,6997.25,4548.21,4430.5325,6997.25,8396.58,-0.166655,-16.67,1.076923,No,0.00,0.00
id#320,4554.2915,8362.48,5435.61,4430.5325,8356.95,8943.16,-0.065548,-6.55,1.076211,No,0.00,0.00
id#321,4554.2915,4554.22,2960.25,4430.5325,4554.22,7360.95,-0.381299,-38.13,1.076923,No,0.00,0.00
id#322,4554.2915,4990.45,3243.79,4430.5325,4990.45,8611.96,-0.420521,-42.05,1.076923,No,0.00,0.00
id#323,4554.2915,7007.81,4555.08,4430.5325,7007.81,7757.71,-0.096665,-9.67,1.076923,No,0.00,0.00
id#324,4554.2915,9314.41,6054.37,4430.5325,9314.41,9729.33,-0.042646,-4.26,1.076923,No,0.00,0.00
id#325,4554.2915,6819.44,4432.64,4430.5325,6819.44,7625.29,-0.105681,-10.57,1.076923,No,0.00,0.00
id#326,4554.2915,6284.83,4085.14,4430.5325,6284.83,9207.78,-0.317443,-31.74,1.076923,No,0.00,0.00
id#327,4554.2915,7836.26,5093.57,4430.5325,7730.96,7869.94,-0.017660,-1.77,1.062451,No,0.00,0.00
id#328,4554.2915,5273.85,3428.00,4430.5325,5273.85,8787.66,-0.399858,-39.99,1.076923,No,0.00,0.00
id#329,4554.2915,5043.91,3278.54,4430.5325,5043.91,10699.93,-0.528603,-52.86,1.076923,No,0.00,0.00
id#330,4554.2915,6185.20,4020.38,4430.5325,6185.20,9902.87,-0.375413,-37.54,1.076923,No,0.00,0.00
id#331,4554.2915,5970.90,3881.09,4430.5325,5970.82,6503.91,-0.081966,-8.20,1.076907,No,0.00,0.00
id#332,4554.2915,7871.42,5116.43,4430.5325,7871.42,9954.73,-0.209278,-20.93,1.076923,No,0.00,0.00
id#333,4554.2915,6475.32,4208.96,4430.5325,6475.32,10094.30,-0.358517,-35.85,1.076923,No,0.00,0.00
id#334,4554.2915,5096.16,3312.50,4430.5325,5096.16,8802.79,-0.421074,-42.11,1.076923,No,0.00,0.00
id#335,4554.2915,10039.14,6525.44,4430.5325,9942.69,9943.76,-0.000108,-0.01,1.066576,No,0.00,0.00
id#336,4554.2915,5870.84,3816.04,4430.5325,5870.84,9369.95,-0.373440,-37.34,1.076923,No,0.00,0.00
id#337,4554.2915,7216.64,4690.82,4430.5325,7216.64,9767.11,-0.261128,-26.11,1.076923,No,0.00,0.00
id#338,4554.2915,9556.25,6211.57,4430.5325,9510.38,9797.29,-0.029285,-2.93,1.071753,No,0.00,0.00
id#339,4554.2915,6667.64,4333.96,4430.5325,6667.64,11731.06,-0.431626,-43.16,1.076923,No,0.00,0.00
id#340,4554.2915,7807.65,5074.97,4430.5325,7807.65,9387.17,-0.168264,-16.83,1.076923,No,0.00,0.00
id#341,4554.2915,5199.97,3379.98,4430.5325,5199.97,11781.33,-0.558626,-55.86,1.076923,No,0.00,0.00
id#342,4554.2915,6657.47,4327.36,4430.5325,6657.47,7872.50,-0.154338,-15.43,1.076923,No,0.00,0.00
id#343,4554.2915,7010.68,4556.94,4430.5325,6820.17,7182.12,-0.050397,-5.04,1.047659,No,0.00,0.00
id#344,4554.2915,8967.01,5828.56,4430.5325,8967.01,11015.54,-0.185967,-18.60,1.076923,No,0.00,0.00
id#345,4554.2915,7046.68,4580.34,4430.5325,7046.68,7767.04,-0.092746,-9.27,1.076923,No,0.00,0.00
id#346,4554.2915,6135.46,3988.05,4430.5325,6135.46,8957.24,-0.315028,-31.50,1.076923,No,0.00,0.00
id#347,4554.2915,7300.02,4745.02,4430.5325,7300.02,10191.79,-0.283734,-28.37,1.076923,No,0.00,0.00
id#348,4554.2915,7466.79,4853.41,4430.5325,7466.79,8819.46,-0.153373,-15.34,1.076923,No,0.00,0.00
id#349,4554.2915,9601.05,6240.68,4430.5325,9396.06,9810.46,-0.042240,-4.22,1.053930,No,0.00,0.00
id#350,4554.2915,8616.75,5600.89,4430.5325,8558.74,8650.34,-0.010589,-1.06,1.069673,No,0.00,0.00
id#351,4554.2915,5351.21,3478.29,4430.5325,5351.21,7426.32,-0.279426,-27.94,1.076923,No,0.00,0.00
id#352,4554.2915,4970.38,3230.75,4430.5325,4970.38,8489.42,-0.414520,-41.45,1.076923,No,0.00,0.00
id#353,4554.2915,7482.80,4863.82,4430.5325,7482.80,10344.19,-0.276618,-27.66,1.076923,No,0.00,0.00
id#354,4554.2915,6552.19,4258.93,4430.5325,6374.14,7030.41,-0.093347,-9.33,1.047659,No,0.00,0.00
id#355,4554.2915,5970.13,3880.59,4430.5325,5970.13,7156.29,-0.165750,-16.57,1.076923,No,0.00,0.00
id#356,4554.2915,5550.71,3607.96,4430.5325,5550.71,6617.90,-0.161258,-16.13,1.076923,No,0.00,0.00
id#357,4554.2915,7269.41,4725.12,4430.5325,7269.41,8377.43,-0.132263,-13.23,1.076923,No,0.00,0.00
id#358,4554.2915,5829.41,3789.12,4430.5325,5829.41,7747.01,-0.247527,-24.75,1.076923,No,0.00,0.00
id#359,4554.2915,5486.67,3566.33,4430.5325,5486.67,12025.85,-0.543761,-54.38,1.076923,No,0.00,0.00
id#360,4554.2915,9060.41,5889.27,4430.5325,9034.78,9393.67,-0.038205,-3.82,1.073876,No,0.00,0.00
id#361,4554.2915,8727.33,5672.76,4430.5325,8567.39,8758.58,-0.021829,-2.18,1.057187,No,0.00,0.00
id#362,4554.2915,9899.78,6434.86,4430.5325,9860.31,10223.18,-0.035495,-3.55,1.072629,No,0.00,0.00
id#363,4554.2915,6832.85,4441.35,4430.5325,6797.15,6970.22,-0.024830,-2.48,1.071296,No,0.00,0.00
id#364,4554.2915,4213.81,2738.98,4430.5325,4213.81,6612.55,-0.362756,-36.28,1.076923,No,0.00,0.00
id#365,4554.2915,10012.79,6508.32,4430.5325,10012.79,11612.73,-0.137775,-13.78,1.076923,No,0.00,0.00
id#366,4554.2915,4681.33,3042.87,4430.5325,4681.33,7666.91,-0.389410,-38.94,1.076923,No,0.00,0.00
id#367,4554.2915,6908.63,4490.61,4430.5325,6908.63,9563.01,-0.277568,-27.76,1.076923,No,0.00,0.00
id#368,4554.2915,9934.35,6457.33,4430.5325,9934.35,11791.03,-0.157465,-15.75,1.076923,No,0.00,0.00
id#369,4554.2915,4910.15,3191.60,4430.5325,4910.15,9823.55,-0.500165,-50.02,1.076923,No,0.00,0.00
id#370,4554.2915,5563.38,3616.20,4430.5325,5563.38,7620.89,-0.269982,-27.00,1.076923,No,0.00,0.00
id#371,4554.2915,8943.01,5812.96,4430.5325,8900.20,9171.38,-0.029568,-2.96,1.071768,No,0.00,0.00
id#372,4554.2915,10504.43,6827.88,4430.5325,10462.84,10738.55,-0.025675,-2.57,1.072659,No,0.00,0.00
id#373,4554.2915,6897.00,4483.05,4430.5325,6897.00,8692.31,-0.206541,-20.65,1.076923,No,0.00,0.00
id#374,4554.2915,9184.47,5969.91,4430.5325,9093.32,9099.20,-0.000645,-0.06,1.066236,No,0.00,0.00
id#375,4554.2915,6377.56,4145.42,4430.5325,6377.56,11851.95,-0.461898,-46.19,1.076923,No,0.00,0.00
id#376,4554.2915,5965.86,3877.81,4430.5325,5965.86,7699.31,-0.225143,-22.51,1.076923,No,0.00,0.00
id#377,4554.2915,10317.43,6706.33,4430.5325,10164.47,10188.73,-0.002381,-0.24,1.060957,No,0.00,0.00
id#378,4554.2915,6276.70,4079.86,4430.5325,6276.70,12428.64,-0.494981,-49.50,1.076923,No,0.00,0.00
id#379,4554.2915,6400.19,4160.12,4430.5325,6400.19,9670.03,-0.338141,-33.81,1.076923,No,0.00,0.00
id#380,4554.2915,8236.63,5353.81,4430.5325,8236.63,8929.07,-0.077549,-7.75,1.076923,No,0.00,0.00
id#381,4554.2915,9515.03,6184.77,4430.5325,9515.03,11091.93,-0.142167,-14.22,1.076923,No,0.00,0.00
id#382,4554.2915,8204.83,5333.14,4430.5325,8137.26,8174.10,-0.004508,-0.45,1.068054,No,0.00,0.00
id#383,4554.2915,4642.01,3017.31,4430.5325,4642.01,6678.78,-0.304960,-30.50,1.076923,No,0.00,0.00
id#384,4554.2915,9290.10,6038.56,4430.5325,9110.40,9281.44,-0.018428,-1.84,1.056092,No,0.00,0.00
id#385,4554.2915,5242.90,3407.89,4430.5325,5242.90,8511.71,-0.384036,-38.40,1.076923,No,0.00,0.00
id#386,4554.2915,6818.17,4431.81,4430.5325,6818.17,9840.38,-0.307124,-30.71,1.076923,No,0.00,0.00
id#387,4554.2915,5936.91,3858.99,4430.5325,5936.91,11840.83,-0.498607,-49.86,1.076923,No,0.00,0.00
id#388,4554.2915,9008.46,5855.50,4430.5325,9008.46,9936.12,-0.093363,-9.34,1.076923,No,0.00,0.00
id#389,4554.2915,8937.19,5809.17,4430.5325,8937.19,10289.98,-0.131467,-13.15,1.076923,No,0.00,0.00
id#390,4554.2915,4829.41,3139.12,4430.5325,4829.41,9193.92,-0.474717,-47.47,1.076923,No,0.00,0.00
id#391,4554.2915,8199.31,5329.55,4430.5325,8111.23,8119.19,-0.000981,-0.10,1.065353,No,0.00,0.00
id#392,4554.2915,7433.30,4831.65,4430.5325,7433.30,11095.95,-0.330089,-33.01,1.076923,No,0.00,0.00
id#393,4554.2915,5149.95,3347.47,4430.5325,5149.95,9352.46,-0.449348,-44.93,1.076923,No,0.00,0.00
id#394,4554.2915,5148.82,3346.73,4430.5325,5148.82,8605.09,-0.401654,-40.17,1.076923,No,0.00,0.00
id#395,4554.2915,8488.27,5517.38,4430.5325,8479.75,9035.31,-0.061487,-6.15,1.075842,No,0.00,0.00
id#396,4554.2915,10055.56,6536.12,4430.5325,9912.01,9967.92,-0.005609,-0.56,1.061549,No,0.00,0.00
id#397,4554.2915,7537.56,4899.41,4430.5325,7469.59,7484.69,-0.002018,-0.20,1.067212,No,0.00,0.00
id#398,4554.2915,9114.84,5924.65,4430.5325,9114.84,10636.52,-0.143062,-14.31,1.076923,No,0.00,0.00
id#399,4554.2915,5801.48,3770.96,4430.5325,5801.48,8503.19,-0.317729,-31.77,1.076923,No,0.00,0.00
id#400,4554.2915,5011.18,3257.26,4430.5325,5011.18,8142.23,-0.384545,-38.45,1.076923,No,0.00,0.00
id#401,4554.2915,5970.55,3880.86,4430.5325,5970.55,7933.92,-0.247465,-24.75,1.076923,No,0.00,0.00
id#402,4554.2915,7884.04,5124.62,4430.5325,7884.04,8601.65,-0.083427,-8.34,1.076923,No,0.00,0.00
id#403,4554.2915,7867.65,5113.97,4430.5325,7867.65,12078.47,-0.348622,-34.86,1.076923,No,0.00,0.00
id#404,4554.2915,7967.12,5178.63,4430.5325,7967.12,9685.24,-0.177396,-17.74,1.076923,No,0.00,0.00
id#405,4554.2915,7629.35,4959.08,4430.5325,7467.22,7766.53,-0.038538,-3.85,1.054038,No,0.00,0.00
id#406,4554.2915,7263.92,4721.55,4430.5325,7263.92,8742.40,-0.169117,-16.91,1.076923,No,0.00,0.00
id#407,4554.2915,4989.68,3243.29,4430.5325,4989.68,9072.21,-0.450004,-45.00,1.076923,No,0.00,0.00
id#408,4554.2915,9910.40,6441.76,4430.5325,9781.54,9922.27,-0.014183,-1.42,1.062920,No,0.00,0.00
id#409,4554.2915,6959.97,4523.98,4430.5325,6959.97,7697.41,-0.095804,-9.58,1.076923,No,0.00,0.00
id#410,4554.2915,7567.58,4918.92,4430.5325,7567.58,8804.42,-0.140480,-14.05,1.076923,No,0.00,0.00
id#411,4554.2915,5370.54,3490.85,4430.5325,5370.54,8519.82,-0.369641,-36.96,1.076923,No,0.00,0.00
id#412,4554.2915,6565.10,4267.31,4430.5325,6562.88,7177.30,-0.085606,-8.56,1.076559,No,0.00,0.00
id#413,4554.2915,9243.21,6008.09,4430.5325,9113.81,9162.97,-0.005365,-0.54,1.061846,No,0.00,0.00
id#414,4554.2915,6112.69,3973.25,4430.5325,6112.69,11227.86,-0.455579,-45.56,1.076923,No,0.00,0.00
id#415,4554.2915,5796.52,3767.74,4430.5325,5796.52,6799.46,-0.147503,-14.75,1.076923,No,0.00,0.00
id#416,4554.2915,5423.12,3525.03,4430.5325,5423.12,10363.90,-0.476730,-47.67,1.076923,No,0.00,0.00
id#417,4554.2915,5829.59,3789.23,4430.5325,5829.59,12089.55,-0.517800,-51.78,1.076923,No,0.00,0.00
id#418,4554.2915,7447.55,4840.91,4430.5325,7447.55,9548.05,-0.219993,-22.00,1.076923,No,0.00,0.00
id#419,4554.2915,8531.99,5545.79,4430.5325,8405.07,8635.94,-0.026733,-2.67,1.060904,No,0.00,0.00
id#420,4554.2915,6928.59,4503.58,4430.5325,6928.59,10116.37,-0.315111,-31.51,1.076923,No,0.00,0.00
id#421,4554.2915,10456.83,6796.94,4430.5325,10456.83,12308.59,-0.150444,-15.04,1.076923,No,0.00,0.00
id#422,4554.2915,8438.05,5484.74,4430.5325,8438.05,11887.98,-0.290203,-29.02,1.076923,No,0.00,0.00
id#423,4554.2915,5871.88,3816.72,4430.5325,5871.88,7050.99,-0.167226,-16.72,1.076923,No,0.00,0.00
id#424,4554.2915,4705.57,3058.62,4430.5325,4705.57,8224.72,-0.427875,-42.79,1.076923,No,0.00,0.00
id#425,4554.2915,6152.17,3998.91,4430.5325,6152.17,9546.81,-0.355578,-35.56,1.076923,No,0.00,0.00
id#426,4554.2915,4885.74,3175.73,4430.5325,4885.74,6595.24,-0.259202,-25.92,1.076923,No,0.00,0.00
id#427,4554.2915,7891.49,5129.47,4430.5325,7783.85,7890.53,-0.013521,-1.35,1.062234,No,0.00,0.00
id#428,4554.2915,11860.87,7709.57,4430.5325,11662.21,11726.76,-0.005504,-0.55,1.058886,No,0.00,0.00
id#429,4554.2915,8942.65,5812.73,4430.5325,8905.96,8982.51,-0.008522,-0.85,1.072504,No,0.00,0.00
id#430,4554.2915,5181.56,3368.01,4430.5325,5181.56,11186.84,-0.536816,-53.68,1.076923,No,0.00,0.00
id#431,4554.2915,8201.03,5330.67,4430.5325,8097.02,8104.74,-0.000952,-0.10,1.063265,No,0.00,0.00
id#432,4554.2915,4977.24,3235.21,4430.5325,4977.24,6829.60,-0.271225,-27.12,1.076923,No,0.00,0.00
id#433,4554.2915,4981.93,3238.26,4430.5325,4981.93,9405.18,-0.470299,-47.03,1.076923,No,0.00,0.00
id#434,4554.2915,5411.72,3517.62,4430.5325,5411.72,9214.31,-0.412683,-41.27,1.076923,No,0.00,0.00
id#435,4554.2915,8036.28,5223.58,4430.5325,8036.28,9376.48,-0.142933,-14.29,1.076923,No,0.00,0.00
id#436,4554.2915,7219.28,4692.53,4430.5325,7219.28,10896.74,-0.337482,-33.75,1.076923,No,0.00,0.00
id#437,4554.2915,7496.83,4872.94,4430.5325,7496.83,8684.03,-0.136711,-13.67,1.076923,No,0.00,0.00
id#438,4554.2915,6097.48,3963.36,4430.5325,6096.90,6720.53,-0.092795,-9.28,1.076821,No,0.00,0.00
id#439,4554.2915,5967.95,3879.17,4430.5325,5967.95,9790.50,-0.390434,-39.04,1.076923,No,0.00,0.00
id#440,4554.2915,8827.00,5737.55,4430.5325,8827.00,11430.15,-0.227744,-22.77,1.076923,No,0.00,0.00
id#441,4554.2915,9155.84,5951.30,4430.5325,9155.78,10087.89,-0.092399,-9.24,1.076915,No,0.00,0.00
id#442,4554.2915,7144.25,4643.76,4430.5325,7144.25,8026.26,-0.109891,-10.99,1.076923,No,0.00,0.00
id#443,4554.2915,4113.39,2673.70,4430.5325,4113.39,7492.69,-0.451014,-45.10,1.076923,No,0.00,0.00
id#444,4554.2915,6293.74,4090.93,4430.5325,6293.74,7893.92,-0.202711,-20.27,1.076923,No,0.00,0.00
id#445,4554.2915,7179.65,4666.77,4430.5325,7179.65,8703.06,-0.175042,-17.50,1.076923,No,0.00,0.00
id#446,4554.2915,6118.52,3977.04,4430.5325,6118.52,6948.21,-0.119409,-11.94,1.076923,No,0.00,0.00
id#447,4554.2915,6708.67,4360.64,4430.5325,6708.67,13396.22,-0.499211,-49.92,1.076923,No,0.00,0.00
id#448,4554.2915,9451.89,6143.73,4430.5325,9451.89,11017.98,-0.142140,-14.21,1.076923,No,0.00,0.00
id#449,4554.2915,4191.40,2724.41,4430.5325,4191.40,8084.76,-0.481568,-48.16,1.076923,No,0.00,0.00
id#450,4554.2915,7218.99,4692.34,4430.5325,7218.99,10477.89,-0.311026,-31.10,1.076923,No,0.00,0.00
id#451,4554.2915,4229.02,2748.86,4430.5325,4229.02,6656.96,-0.364722,-36.47,1.076923,No,0.00,0.00
id#452,4554.2915,8636.34,5613.62,4430.5325,8635.33,9049.14,-0.045729,-4.57,1.076798,No,0.00,0.00
id#453,4554.2915,7136.31,4638.60,4430.5325,7129.89,7626.28,-0.065089,-6.51,1.075954,No,0.00,0.00
id#454,4554.2915,6443.40,4188.21,4430.5325,6443.40,7473.80,-0.137867,-13.79,1.076923,No,0.00,0.00
id#455,4554.2915,5288.66,3437.63,4430.5325,5288.66,7603.87,-0.304478,-30.45,1.076923,No,0.00,0.00
id#456,4554.2915,9109.96,5921.48,4430.5325,9109.96,11627.83,-0.216538,-21.65,1.076923,No,0.00,0.00
id#457,4554.2915,6391.68,4154.59,4430.5325,6391.68,9056.94,-0.294278,-29.43,1.076923,No,0.00,0.00
id#458,4554.2915,5033.32,3271.66,4430.5325,5033.32,8541.63,-0.410731,-41.07,1.076923,No,0.00,0.00
id#459,4554.2915,7376.12,4794.48,4430.5325,7376.12,10972.58,-0.327767,-32.78,1.076923,No,0.00,0.00
id#460,4554.2915,3860.96,2509.62,4430.5325,3860.96,8453.28,-0.543259,-54.33,1.076923,No,0.00,0.00
id#461,4554.2915,6705.31,4358.45,4430.5325,6705.31,8416.52,-0.203316,-20.33,1.076923,No,0.00,0.00
id#462,4554.2915,10607.83,6895.09,4430.5325,10367.50,10811.66,-0.041082,-4.11,1.052524,No,0.00,0.00
id#463,4554.2915,6423.03,4174.97,4430.5325,6423.03,11306.63,-0.431923,-43.19,1.076923,No,0.00,0.00
id#464,4554.2915,5376.02,3494.41,4430.5325,5376.02,6678.16,-0.194985,-19.50,1.076923,No,0.00,0.00
id#465,4554.2915,4051.08,2633.20,4430.5325,4051.08,7453.60,-0.456494,-45.65,1.076923,No,0.00,0.00
id#466,4554.2915,4509.35,2931.07,4430.5325,4509.35,8981.89,-0.497951,-49.80,1.076923,No,0.00,0.00
id#467,4554.2915,7935.54,5158.10,4430.5325,7935.52,8701.29,-0.088007,-8.80,1.076920,No,0.00,0.00
id#468,4554.2915,6816.71,4430.86,4430.5325,6816.71,8690.17,-0.215584,-21.56,1.076923,No,0.00,0.00
id#469,4554.2915,6559.95,4263.97,4430.5325,6559.95,9510.88,-0.310269,-31.03,1.076923,No,0.00,0.00
id#470,4554.2915,10195.95,6627.37,4430.5325,10132.61,10285.75,-0.014889,-1.49,1.070233,No,0.00,0.00
id#471,4554.2915,4335.47,2818.06,4430.5325,4335.47,8214.12,-0.472192,-47.22,1.076923,No,0.00,0.00
id#472,4554.2915,5411.68,3517.59,4430.5325,5411.68,9802.37,-0.447921,-44.79,1.076923,No,0.00,0.00
id#473,4554.2915,7846.74,5100.38,4430.5325,7734.68,7912.36,-0.022456,-2.25,1.061543,No,0.00,0.00
id#474,4554.2915,7296.26,4742.57,4430.5325,7148.13,7316.58,-0.023023,-2.30,1.055059,No,0.00,0.00
id#475,4554.2915,10701.92,6956.25,4430.5325,10598.62,10610.30,-0.001101,-0.11,1.066528,No,0.00,0.00
id#476,4554.2915,5193.00,3375.45,4430.5325,5193.00,9598.44,-0.458975,-45.90,1.076923,No,0.00,0.00
id#477,4554.2915,5428.47,3528.51,4430.5325,5428.47,12604.06,-0.569308,-56.93,1.076923,No,0.00,0.00
id#478,4554.2915,8742.10,5682.36,4430.5325,8742.10,9950.63,-0.121453,-12.15,1.076923,No,0.00,0.00
id#479,4554.2915,6376.00,4144.40,4430.5325,6376.00,8125.20,-0.215281,-21.53,1.076923,No,0.00,0.00
id#480,4554.2915,7008.29,4555.39,4430.5325,7008.29,8356.68,-0.161355,-16.14,1.076923,No,0.00,0.00
id#481,4554.2915,9354.07,6080.15,4430.5325,9162.12,9508.52,-0.036430,-3.64,1.054824,No,0.00,0.00
id#482,4554.2915,10656.04,6926.43,4430.5325,10521.65,10553.43,-0.003011,-0.30,1.063341,No,0.00,0.00
id#483,4554.2915,4329.76,2814.35,4430.5325,4329.76,9963.18,-0.565424,-56.54,1.076923,No,0.00,0.00
id#484,4554.2915,4023.34,2615.17,4430.5325,4023.34,7109.25,-0.434070,-43.41,1.076923,No,0.00,0.00
id#485,4554.2915,10279.21,6681.48,4430.5325,10279.21,12021.81,-0.144954,-14.50,1.076923,No,0.00,0.00
id#486,4554.2915,7261.51,4719.98,4430.5325,7064.19,7416.65,-0.047523,-4.75,1.047659,No,0.00,0.00
id#487,4554.2915,7812.00,5077.80,4430.5325,7772.78,7966.42,-0.024306,-2.43,1.071516,No,0.00,0.00
id#488,4554.2915,8298.15,5393.80,4430.5325,8098.99,8607.63,-0.059091,-5.91,1.051077,No,0.00,0.00
id#489,4554.2915,10709.96,6961.47,4430.5325,10606.46,10619.21,-0.001201,-0.12,1.066516,No,0.00,0.00
id#490,4554.2915,4315.15,2804.85,4430.5325,4315.15,8668.24,-0.502188,-50.22,1.076923,No,0.00,0.00
id#491,4554.2915,7980.25,5187.16,4430.5325,7980.25,10629.66,-0.249247,-24.92,1.076923,No,0.00,0.00
id#492,4554.2915,4889.74,3178.33,4430.5325,4889.74,10274.16,-0.524074,-52.41,1.076923,No,0.00,0.00
id#493,4554.2915,4090.11,2658.57,4430.5325,4090.11,8637.04,-0.526446,-52.64,1.076923,No,0.00,0.00
id#494,4554.2915,8996.61,5847.80,4430.5325,8996.61,11092.29,-0.188931,-18.89,1.076923,No,0.00,0.00
id#495,4554.2915,5431.53,3530.49,4430.5325,5431.53,9936.11,-0.453354,-45.34,1.076923,No,0.00,0.00
id#496,4554.2915,6853.45,4454.74,4430.5325,6853.45,12938.29,-0.470297,-47.03,1.076923,No,0.00,0.00
id#497,4554.2915,8145.09,5294.31,4430.5325,8145.09,10748.40,-0.242205,-24.22,1.076923,No,0.00,0.00
id#498,4554.2915,5338.06,3469.74,4430.5325,5338.06,8683.50,-0.385264,-38.53,1.076923,No,0.00,0.00
id#499,4554.2915,5330.33,3464.72,4430.5325,5330.33,11032.65,-0.516858,-51.69,1.076923,No,0.00,0.00
